,Dataset,Buy-and-Hold Final Portfolio Value,Final Portfolio value,MDD,Number of trades
0,Bitcoin Training,116918.97703677377,193214.98493224214,-6005.608278414067,19
1,Bitcoin Testing,1163.7100970760914,1516.1594710913091,-244.51426032736845,9
2,Ethereum,4338.1248657593005,4063.7893290731095,-2320.5946292038407,22
3,Bitcoin Training,116918.97703677377,108658.5003132904,-3565.559341107568,29
4,Bitcoin Testing,1163.7100970760914,1320.564213069445,-137.71101438927667,13
5,Ethereum,4338.1248657593005,11320.915349707548,-2659.9430784694614,37
